category;productName;price;quantity;offer
Fruits & Vegetables;Banana Robusta;₹48;4 piece;21% Off
Fruits & Vegetables;Watermelon Kiran(Tarbooj);₹115;1 pc (2.3 - 3.8 kg);11% Off
Fruits & Vegetables;Banana Elaichi / Yelakki;₹71;500 g;26% Off
Fruits & Vegetables;Grapes Green Seedless;₹72;500 g;38% Off
Fruits & Vegetables;Apple Kinnaur;₹206;4 piece;5% Off
Fruits & Vegetables;Tender Coconut;₹72;1 piece;40% Off
Fruits & Vegetables;Coconut;₹68;1 piece;22% Off
Fruits & Vegetables;Baby Apple Shimla;₹135;500 g;27% Off
Fruits & Vegetables;Grapes Black Seedless;₹106;500 g;10% Off
Fruits & Vegetables;Muskmelon;₹56;600 - 800 g;41% Off
Fruits & Vegetables;Pomegranate;₹230;4 x (720 - 820 g);46% Off
Fruits & Vegetables;Tender Coconut 1 pc Combo;₹134;1 pc X 2;44% Off
Fruits & Vegetables;Tender Coconut 1 pc Combo;₹180;1 pc X 3;50% Off
Fruits & Vegetables;Pomegranate;₹150;2 pcs;32% Off
Fruits & Vegetables;Sapota;₹40;250 g;52% Off
Fruits & Vegetables;Papaya;₹85;600 g - 1.2 kg;27% Off
Fruits & Vegetables;Banana Robusta 4 pc Combo;₹92;4 pc X 2;24% Off
Fruits & Vegetables;Avocado Hass Imported;₹105;1 piece;30% Off
Fruits & Vegetables;Mosambi;₹61;500 g;19% Off
Fruits & Vegetables;Baby Orange;₹139;500 g;39% Off
Fruits & Vegetables;Pineapple;₹103;900 g - 1.2 kg;24% Off
Fruits & Vegetables;Mango Banganapalli;₹225;1 kg;40% Off
Fruits & Vegetables;Grapes Bangalore Blue;₹64;500 g;29% Off
Fruits & Vegetables;Guava Indian;₹94;500 g;N/A
Fruits & Vegetables;Mix Grapes;₹109;500 g;26% Off
Fruits & Vegetables;Apple Royal Gala;₹203;4 x (500 - 540 g);20% Off
Fruits & Vegetables;Banana Nendran;₹72;500 g;21% Off
Fruits & Vegetables;Mango Sindhura;₹222;1 kg (Approx. 6pcs - 7pcs);35% Off
Fruits & Vegetables;Gooseberry (Amla);₹53;250 g;32% Off
Fruits & Vegetables;Kiwi Green;₹129;3 piece;27% Off
Fruits & Vegetables;Coconut Kalash;₹64;1 piece;30% Off
Fruits & Vegetables;Apple Shimla;₹167;4 x (500 - 600 g);39% Off
Atta, Rice, Oil & Dals;Indic Wisdom Wood Pressed Groundnut Oil | Cold Pressed - Extracted on Wooden Churner;₹1500;5 L;33% Off
Atta, Rice, Oil & Dals;Keshar Kali Wada Kolam Rice;₹3300;30 kg;N/A
Atta, Rice, Oil & Dals;Leonardo Extra Light Olive Oil Bottle;₹2264;2 l;12% Off
Atta, Rice, Oil & Dals;Heritage Ghee | Pouch;₹710;1 L;3% Off
Atta, Rice, Oil & Dals;Bertolli Extra Light Olive Oil | Bottle;₹2333;2 l;41% Off
Atta, Rice, Oil & Dals;Leonardo Pomace Olive Oil;₹3097;5 L;34% Off
Atta, Rice, Oil & Dals;GTS Original Kolam Rice;₹847;10 kg;21% Off
Atta, Rice, Oil & Dals;Nandini Pure Ghee - Pouch;₹585;1 L;7% Off
Atta, Rice, Oil & Dals;Aashirvaad Atta - Superior MP Whole Wheat, No Maida | Pouch;₹538;10 kg;15% Off
Atta, Rice, Oil & Dals;Fortune Sunlite Refined Sunflower Oil - Jar;₹757;5 L;17% Off
Atta, Rice, Oil & Dals;GTS Original Kolam Rice;₹438;5 kg;21% Off
Atta, Rice, Oil & Dals;Borges Extra Light Olive Oil | Bottle;₹2686;2 l;36% Off
Atta, Rice, Oil & Dals;Aashirvaad Select Atta | Made from 100% MP Sharbati Wheat for Softer Rotis;₹702;10 kg;9% Off
Atta, Rice, Oil & Dals;GRB Ghee - Bottle;₹375;500 ml;11% Off
Atta, Rice, Oil & Dals;Aashirvaad Multigrain Atta | 3 Rotis Fulfils 35% Daily Fibre;₹357;5 kg;10% Off
Atta, Rice, Oil & Dals;Daawat Rozana Super Basmati Rice | Medium Grain;₹361;5 kg;27% Off
Atta, Rice, Oil & Dals;Gold Winner Refined Sunflower Oil - Jar;₹744;5 L;12% Off
Atta, Rice, Oil & Dals;Fortune Chakki Fresh Atta;₹503;10 kg;19% Off
Atta, Rice, Oil & Dals;Nandini Pure Ghee - Pouch;₹302;500 ml;4% Off
Atta, Rice, Oil & Dals;Fortune Sona Masoori Supreme Raw Aged Rice;₹353;5 kg;35% Off
Atta, Rice, Oil & Dals;Aashirvaad Atta - Superior MP Whole Wheat, No Maida | Pouch;₹315;5 kg;11% Off
Atta, Rice, Oil & Dals;Shree Akshara Premium Steam Sona Masoori Rice | Polished;₹650;10 kg;13% Off
Atta, Rice, Oil & Dals;Aashirvaad Organic 100% Organic Whole Wheat Atta, 0% Maida;₹349;5 kg;15% Off
Atta, Rice, Oil & Dals;Shree Akshara Premium Sona Masoori Rice | Raw;₹700;10 kg;17% Off
Atta, Rice, Oil & Dals;Pillsbury Chakki Fresh Atta;₹483;10 kg;22% Off
Atta, Rice, Oil & Dals;Shree Akshara Premium Sona Masoori Rice | Steam;₹311;5 kg;20% Off
Atta, Rice, Oil & Dals;Popular Essentials Bullet Wada Kolam Rice;₹483;5 kg;12% Off
Atta, Rice, Oil & Dals;Sunpure Refined Sunflower Oil - Pouch 1 l Combo;₹292;1 l X 2;21% Off
Atta, Rice, Oil & Dals;Tata Sampann High in Fibre Poha 500 g Combo;₹102;500 g X 2;12% Off
Atta, Rice, Oil & Dals;Fortune Maida 500 g Combo;₹70;500 g X 2;10% Off
Atta, Rice, Oil & Dals;Freedom Double Filtered Groundnut Cooking Oil | Pouch 1 l Combo;₹316;1 l X 2;26% Off
Atta, Rice, Oil & Dals;Bhagyalakshmi Rice Flour 500 g Combo;₹90;500 g X 3;11% Off
Masala & Dry Fruits;Bolas Almonds Value Pack;₹532;500 g;20% Off
Masala & Dry Fruits;Happilo Essentials Classic Sultan Dates;₹130;500 g;38% Off
Masala & Dry Fruits;Happilo Essentials Classic Sultan Seedless Dates;₹123;500 g;53% Off
Masala & Dry Fruits;Happilo Premium International Queen Kalmi Dates;₹144;200 g;57% Off
Masala & Dry Fruits;Tata Sampann 100% Pure Premium Cashews/Kaju Whole;₹1303;1 kg;10% Off
Masala & Dry Fruits;Tata Sampann 100% Pure Premium Cashews/Kaju Whole;₹669;500 g;13% Off
Masala & Dry Fruits;Nutty Gritties Blueberries;₹480;150 g;11% Off
Masala & Dry Fruits;Tata Sampann 100% Pure California Almonds/Badam Giri Whole Premium Quality;₹631;500 g;23% Off
Masala & Dry Fruits;Farmley Premium Cashews | Kaju;₹733;500 g;18% Off
Masala & Dry Fruits;Happilo 100% Natural Premium Whole Cashews;₹599;500 g;39% Off
Masala & Dry Fruits;Parrys White Label Sugar;₹269;5 kg;10% Off
Masala & Dry Fruits;Farmley Premium Natural Chia Seeds Rich in Protein & Fiber;₹131;200 g;34% Off
Masala & Dry Fruits;Happilo Premium Kashmiri Walnut Kernels;₹387;200 g;14% Off
Masala & Dry Fruits;Popular Essentials Green Cardamom | Elaichi;₹293;50 g;22% Off
Masala & Dry Fruits;Happilo Premium 100% Natural Whole Cashews;₹276;200 g;30% Off
Masala & Dry Fruits;Madhur Sugar/Sakkare - Refined;₹284;5 kg;9% Off
Masala & Dry Fruits;Farmley Mix Dry Fruits Panchmeva Superfood Healthy Snacks;₹443;450 g;19% Off
Masala & Dry Fruits;Happilo Premium International Healthy Nutmix;₹272;200 g;25% Off
Masala & Dry Fruits;Popular Essentials Cashew Whole;₹360;250 g;23% Off
Masala & Dry Fruits;Popular Essentials Californian Almond;₹315;250 g;22% Off
Masala & Dry Fruits;Happilo Premium Californian Roasted and Salted Almonds;₹305;200 g;8% Off
Masala & Dry Fruits;Farmley Prasadam Makhana | Foxnuts;₹393;200 g;33% Off
Masala & Dry Fruits;Farmley Premium Broken Chile Walnut Kernels (Akhrot);₹335;200 g;21% Off
Masala & Dry Fruits;Farmley Premium California Roasted & Salted Pistachios;₹339;200 g;19% Off
Masala & Dry Fruits;Nutraj Almond/Badam California;₹493;500 g;17% Off
Masala & Dry Fruits;Farmley Prasadam Makhana | Foxnuts;₹199;100 g;33% Off
Masala & Dry Fruits;Popular Essentials Cashew Split;₹369;250 g;23% Off
Masala & Dry Fruits;Popular Essentials Pista Salted (With Shell);₹373;250 g;22% Off
Masala & Dry Fruits;Happilo Premium Seedless Green Raisins;₹111;250 g;32% Off
Masala & Dry Fruits;Happilo Premium Roasted and Salted Cashews;₹449;200 g;3% Off
Masala & Dry Fruits;Amul Mithai Mate EOE Tin Combo;₹238;400 g X 2;5% Off
Masala & Dry Fruits;Farmley Premium California Almonds;₹319;250 g;11% Off
Sweet Cravings;Amul Dark Chocolate Bar;₹200;150 g;N/A
Sweet Cravings;Cadbury Dairy Milk Chocolate Home Treats;₹170;119 g;15% Off
Sweet Cravings;Amul Fruit 'N' Nut Chocolate;₹200;150 g;N/A
Sweet Cravings;Cadbury Celebrations Assorted Chocolate Diwali Gift Pack;₹132;139.6 g;8% Off
Sweet Cravings;Cadbury Dairy Milk Chocolate Bar;₹20;23 g;N/A
Sweet Cravings;KitKat Grand Break, 4 Fingers, Chocolate Coated Wafer;₹35;38.5 g;N/A
Sweet Cravings;Cadbury Nutties Chocolate Pack;₹50;30 g;N/A
Sweet Cravings;Cadbury Dairy Milk Chocolate Bar;₹55;52 g;N/A
Sweet Cravings;Nestlé Munch Chocolate Coated Wafer Bar;₹100;147.9 g;N/A
Sweet Cravings;Cadbury Dairy Milk Roast Almond Chocolate Bar;₹55;36 g;N/A
Sweet Cravings;KitKat Minis Chocolate Coated Wafer Bar | Share Bag | Miniature Pouch;₹149;118.4 g;N/A
Sweet Cravings;Cadbury Dairy Milk Chocolate Bar;₹117;134 g;10% Off
Sweet Cravings;Cadbury Dairy Milk Crackle Chocolate Bar;₹50;36 g;N/A
Sweet Cravings;Cadbury Bournville Rich Cocoa - 50% Dark Chocolate Bar;₹55;30 g;N/A
Sweet Cravings;Amul Chocominis Chocolate;₹140;250 g;N/A
Sweet Cravings;Snickers Peanut Chocolate Bar - Value Pack;₹47;45 g;6% Off
Sweet Cravings;Cadbury Dairy Milk Silk Roast Almond Chocolate Bar;₹100;58 g;N/A
Sweet Cravings;Cadbury Dairy Milk Silk Bubbly Chocolate Bar;₹95;46 g;N/A
Sweet Cravings;Cadbury Dairy Milk Silk Oreo Chocolate Bar;₹100;60 g;N/A
Sweet Cravings;Amul India Twilight Tryst 55% Dark Chocolate Bar;₹200;125 g;N/A
Sweet Cravings;Kinder Joy Chocolate Snack With Surprise Pink;₹50;20 g;N/A
Sweet Cravings;Cadbury Perk Mini Treats Chocolate coated Wafers;₹90;115.5 g;10% Off
Sweet Cravings;Snickers Peanut Chocolate Bar - Value Pack;₹126;120 g;6% Off
Sweet Cravings;Cadbury Dairy Milk Silk Mousse Chocolate Bar;₹100;50 g;N/A
Sweet Cravings;Cadbury Temptations Almond Treat Premium Chocolate Bar;₹117;70 g;10% Off
Sweet Cravings;Cadbury Dairy Milk Silk Chocolate Bar;₹105;64 g;4% Off
Sweet Cravings;Nestle Milkybar Tablet Made With Milk Yummy & Creamy Treat;₹40;42 g;N/A
Sweet Cravings;Cadbury Chocobakes ChocLayered Cakes;₹80;114 g;11% Off
Sweet Cravings;Cadbury Temptations Rum & Raisins Premium Chocolate Bar;₹117;70 g;10% Off
Sweet Cravings;Kinder Joy Chocolate Snack With Surprise Blue;₹50;20 g;N/A
Sweet Cravings;Mars Caramel Chocolate Bar;₹68;51 g;2% Off
Sweet Cravings;Hershey'S Kisses Milk Chocolate Share Bag;₹57;36 g;5% Off
Frozen Food & Ice Creams;Blue Tribe Plant-Based Chicken Seekh Kebab;₹180;250 g;9% Off
Frozen Food & Ice Creams;Yummiez Chicken Garlic Fingers Pouch;₹269;400 g;2% Off
Frozen Food & Ice Creams;Yummiez Veg Cheese Fingers Pouch;₹179;400 g;28% Off
Frozen Food & Ice Creams;Mr. Munchies Premium Cheese Jalapeno Popper;₹149;250 g;11% Off
Frozen Food & Ice Creams;ITC Master Chef Crunchy Chicken Nuggets | Source of Protein | No Added Preservatives | 55 pieces;₹550;1 kg;12% Off
Frozen Food & Ice Creams;Yummiez Green Peas;₹239;1 kg;14% Off
Frozen Food & Ice Creams;McCain French Fries;₹204;1.25 kg;44% Off
Frozen Food & Ice Creams;Godrej Yummiez Chicken Nuggets;₹299;500 g;14% Off
Frozen Food & Ice Creams;Safal Frozen Green Peas;₹237;1 kg;8% Off
Frozen Food & Ice Creams;ITC Master Chef Chicken Seekh Kebab | Protein-High | No-preservatives | Microwave Friendly | 10 Pcs;₹300;500 g;17% Off
Frozen Food & Ice Creams;ITC Master Chef Crispy French Fries 420 g Combo;₹202;420 g X 2;15% Off
Frozen Food & Ice Creams;iD Malabar Parota;₹105;400 g;N/A
Frozen Food & Ice Creams;iD Whole Wheat Chapati (10 pieces);₹79;400 g;N/A
Frozen Food & Ice Creams;Safal Frozen Green Peas;₹132;500 g;8% Off
Frozen Food & Ice Creams;iD Homestyle Whole Wheat Paratha;₹85;325 g;N/A
Frozen Food & Ice Creams;Yummiez Green Peas;₹129;500 g;19% Off
Frozen Food & Ice Creams;Farmland Green Peas | No Added Colours;₹260;1 kg;N/A
Frozen Food & Ice Creams;McCain French Fries;₹99;420 g;20% Off
Frozen Food & Ice Creams;Safal Frozen Sweet Corn;₹92;500 g;8% Off
Frozen Food & Ice Creams;ITC Master Chef Crispy French Fries | No Added Preservatives;₹108;420 g;10% Off
Frozen Food & Ice Creams;McCain Variety Pack;₹175;550 g;N/A
Frozen Food & Ice Creams;McCain Chilli Garlic Potato Bites Nuggets;₹165;420 g;N/A
Frozen Food & Ice Creams;Yummiez American Sweet Corn;₹105;400 g;4% Off
Frozen Food & Ice Creams;Venky's Chicken Nuggets;₹185;300 g;9% Off
Frozen Food & Ice Creams;ITC Master Chef Medium Prawns | Freshly Frozen | 15 hours from the Time of Harvesting;₹216;200 g;10% Off
Frozen Food & Ice Creams;Yummiez Chicken Breakfast Sausages;₹169;250 g;11% Off
Frozen Food & Ice Creams;McCain Veggie Fingers;₹175;400 g;N/A
Frozen Food & Ice Creams;McCain Veggie Burger Patty;₹150;360 g;N/A
Frozen Food & Ice Creams;McCain Aloo Tikki;₹107;400 g;19% Off
Frozen Food & Ice Creams;Safal Frozen Mixed Vegetables;₹80;500 g;5% Off
Frozen Food & Ice Creams;McCain Potato Cheese Shotz;₹170;250 g;N/A
Frozen Food & Ice Creams;Godrej Yummiez Chicken Breakfast Salami;₹169;250 g;11% Off
Baby Food;Aptamil Gold Stage 1 | Infant Formula Powder Refill;₹995;400 g;N/A
Baby Food;Aptamil Gold Stage 3 Follow Up Infant Formula Milk Powder For Babies;₹995;400 g;N/A
Baby Food;Aptamil Gold Stage 2 Follow Up Formula Powder Refill;₹995;400 g;N/A
Baby Food;Nestle Nan Excellapro 3 Follow-Up Formula Powder - Stage 3 | After 12 Months;₹945;400 g;N/A
Baby Food;Similac Advance Stage 2 Follow-Up Formula | 6 to 12 months - Box;₹910;400 g;N/A
Baby Food;Nestle Nutrition Nan Pro Stage 4 Follow-Up Formula After 18 Months;₹835;400 g;N/A
Baby Food;Similac Advance Stage 3 Follow-Up Formula | 12 to 18 months - Box;₹910;400 g;N/A
Baby Food;Nestle Nan Excellapro Stage 2 Follow-Up Formula 6+ Months;₹945;400 g;N/A
Baby Food;Nestle Lactogen Pro 2 | Follow-Up Formula With Probiotic;₹485;400 g;N/A
Baby Food;Nestle Lactogen Pro 1 | Infant Formula Probiotic And Prebiotics;₹485;400 g;N/A
Baby Food;Nestle Nan Pro Stage 1 Infant Formula Up to 6 Months;₹835;400 g;N/A
Baby Food;Nestle Nan Pro Stage 2 Follow-Up Formula After 6 Months;₹825;400 g;N/A
Baby Food;Nestle Ceregrow Multigrain Cereal With Milk and Fruits;₹345;300 g;N/A
Baby Food;Nestle Cerelac Baby Cereal With Milk Multigrain Dal Veg - Stage 4 | 12 To 24 Months;₹330;300 g;N/A
Baby Food;Nestle Cerelac Baby Cereal with Milk | Multigrain and Fruits - Stage 4 | 12 to 24 Months;₹330;300g;N/A
Baby Food;Slurrp Farm Ragi Rice Strawberry Instant Healthy Cereal | Mildly Sweetened With Date Powder;₹349;200 g;N/A
Baby Food;Nestle Cerelac Baby Cereal with Milk Wheat Apple Cherry | 8 to 24 Months | Iron and Protein;₹325;350 g;N/A
Baby Food;Nestle Cerelac Wheat Apple Carrot Baby Cereal | No Refined Sugar | Stage 1 | 6 - 24 Months;₹275;300 g;N/A
Baby Food;Nestle Cerelac Stage 2 Baby Cereal with Milk Rice Vegetables | From 8 To 12 Months;₹310;300g;N/A
Baby Food;Cerelac Baby Cereal No Refined Sugar Wheat Apple Cherry | For 8-24 Months Baby;₹325;350 g;N/A
Baby Food;Nestle Cerelac Rice Baby Cereal | No Refined Sugar | Stage 1 | 6 - 24 Months;₹265;300 g;N/A
Baby Food;Slurrp Farm Cereal with Multigrain Millets and Mixed Fruit with Date Powder and Milk;₹349;200 g;N/A
Baby Food;Nestle Cerelac Baby Cereal with Milk Wheat Rice Mixed Fruit | 10 to 24 Months | Iron & Protein;₹325;300g;N/A
Baby Food;Nestle Cerelac Wheat Apple Baby Cereal | No Refined Sugar | Stage 1 | 6 - 24 Months;₹295;300 g;N/A
Baby Food;Slurrp Farm Wheat Apple and Banana Instant Healthy Cereal 100% Natural | No Added Sugar | No Milk;₹299;300 g;N/A
Baby Food;Amul Spray Infant Milk Food;₹235;500 g;N/A
Baby Food;Nestle Cerelac Wheat Baby Cereal No Refined Sugar | Stage 1 | 6 - 24 Months;₹260;300 g;N/A
Baby Food;Amul Spray Infant Milk Food Tin;₹243;500 g;N/A
Baby Food;Nestle Nangrow, Nutritious Milk Drink for Growing Children 400 g Combo;₹1226;400 g X 2;4% Off
Baby Food;Similac Advance Stage 2 Follow-Up Formula | 6 to 12 months - Box 400 g Combo;₹1820;400 g X 2;N/A
Baby Food;Similac Advance Stage 2 Follow-Up Formula | 6 to 12 months - Box 400 g X 2 Combo;₹1820;400 g X 2;N/A
Baby Food;Nestle Nan Pro Stage 1 Infant Formula Up to 6 Months 400 g Combo;₹1670;400 g X 2;N/A
Dairy, Bread & Eggs;Milky Mist Paneer;₹302;500 g;5% Off
Dairy, Bread & Eggs;iD Idli & Dosa Batter;₹165;2 kg;N/A
Dairy, Bread & Eggs;The Health Factory Zero Maida Bread - 100% Whole Wheat;₹53;250 g;3% Off
Dairy, Bread & Eggs;Akshayakalpa Artisanal Organic Set Curd;₹150;1 kg;3% Off
Dairy, Bread & Eggs;Nandini Goodlife Toned Milk UHT (Tetra Pack Brick) 1 l Combo;₹198;1 l X 3;1% Off
Dairy, Bread & Eggs;English Oven Zero Maida 100% Whole Wheat Bread;₹60;400 g;N/A
Dairy, Bread & Eggs;Milky Mist Paneer;₹128;200 g;N/A
Dairy, Bread & Eggs;Milky Mist Set Curd Tub;₹117;1 L;2% Off
Dairy, Bread & Eggs;Amul Salted Butter;₹295;500 g;N/A
Dairy, Bread & Eggs;iD Idli & Dosa Batter;₹95;1 kg;N/A
Dairy, Bread & Eggs;Modern 100% Whole Wheat Bread (Zero Maida, No trans fat);₹60;400 g;N/A
Dairy, Bread & Eggs;Suguna Delfrez White Eggs;₹306;1 pack (30 pcs);12% Off
Dairy, Bread & Eggs;The Baker's Dozen 100% Whole Wheat Bread - No Palm Oil No Preservative;₹65;400 g;N/A
Dairy, Bread & Eggs;Nandini Fresh Paneer (Pouch);₹220;500 g;N/A
Dairy, Bread & Eggs;Heritage Fresh Paneer;₹110;200 g;8% Off
Dairy, Bread & Eggs;Heritage Total CUP Curd;₹100;1 kg;9% Off
Dairy, Bread & Eggs;Akshayakalpa Organic Malai Paneer;₹140;200 g;N/A
Dairy, Bread & Eggs;Farm Made Free Range Brown Eggs, 6 Pieces - Protein Rich, Veg Feed, Non-Fertile;₹139;1 pack (6 pcs);6% Off
Dairy, Bread & Eggs;iD Fresh Soft & Creamy Paneer 200 g Combo;₹240;200 g X 2;14% Off
Dairy, Bread & Eggs;Nandini Fresh Paneer (Pouch);₹100;200 g;N/A
Dairy, Bread & Eggs;Amul Fresh Malai Paneer;₹100;200 g;N/A
Dairy, Bread & Eggs;Sid's Farm Malai Paneer;₹105;200 g;25% Off
Dairy, Bread & Eggs;iD Fresh Soft & Creamy Paneer;₹140;200 g;N/A
Dairy, Bread & Eggs;Heritage Full Cream Milk Combo;₹68;500 ml x 2;2% Off
Dairy, Bread & Eggs;Heritage Special Toned Milk Combo;₹75;500 ml X 3;N/A
Dairy, Bread & Eggs;Amul Masti Spiced Buttermilk 1 l Combo;₹130;1 l X 2;7% Off
Dairy, Bread & Eggs;Amul Frozen Malai Paneer 200 gms X 2 Combo;₹178;200 g X 2;6% Off
Dairy, Bread & Eggs;Britannia Pav Combo;₹66;200 g X 2;5% Off
Dairy, Bread & Eggs;Amul Kool Badam Pet 180 ml Combo;₹46;180 ml X 2;8% Off
Dairy, Bread & Eggs;Epigamia Mishti Doi Combo;₹64;80 g X 2;8% Off
Dairy, Bread & Eggs;Milky Mist Briyas Tofu Paneer 200 g Combo;₹152;200 g X 2;23% Off
Cold Drinks & Juices;Kinley Packaged Drinking Water;₹20;1 L;N/A
Cold Drinks & Juices;Bacardi Mixer - Mojito Glass Bottle;₹190;500 ml;N/A
Cold Drinks & Juices;Sid's Farm Sweet Lassi;₹30;200 ml;N/A
Cold Drinks & Juices;Fast&Up Reload Cola Instant Energy Drink 5 Essential Electrolytes;₹272;1 pack (20 pcs);7% Off
Cold Drinks & Juices;Fast&Up Reload Berry Instant Energy Drink 5 Essential Electrolytes;₹272;1 pack (20 pcs);7% Off
Cold Drinks & Juices;Cravova Peach Mojito Pet;₹60;300 ml;N/A
Cold Drinks & Juices;Fast&Up Reload Mojito Instant Energy Drink Makes 5 litres;₹272;1 pack (20 pcs);7% Off
Cold Drinks & Juices;Cravova Classic Mojito Pet;₹60;300 ml;N/A
Cold Drinks & Juices;Fast&Up Reload Aam Panna Instant Energy Drink 5 Essential Electrolytes;₹272;1 pack (20 pcs);7% Off
Cold Drinks & Juices;Shree Guruji Badam Kesar;₹284;500 ml;9% Off
Cold Drinks & Juices;Raw Pressery Valencia Orange;₹388;1 L;2% Off
Cold Drinks & Juices;Red Bull Energy Drink | 4 Pack;₹461;250 ml X 4;3% Off
Cold Drinks & Juices;Raw Pressery Almond Milk -Unsweetend Tetrapack;₹299;1 L;8% Off
Cold Drinks & Juices;Schweppes Indian Tonic Water Combo;₹200;300 ml X 4;16% Off
Cold Drinks & Juices;Hamdard Rooh Afza The Natural Refreshing Sharbat;₹180;750 ml;N/A
Cold Drinks & Juices;Bisleri Packaged Drinking Water Jar;₹110;10 L;N/A
Cold Drinks & Juices;Coke Zero Pet;₹160;8 x 250 ml;N/A
Cold Drinks & Juices;Red Bull Energy Drink | 6 Pack;₹658;250 ml X 6;6% Off
Cold Drinks & Juices;Schweppes Original Ginger Ale Can 300 ml Combo;₹200;300 ml X 4;16% Off
Cold Drinks & Juices;Thums Up Soft Drink;₹160;2 l;N/A
Cold Drinks & Juices;Bisleri Packaged Drinking Water Jar 5 l Combo;₹186;5 l X 3;11% Off
Cold Drinks & Juices;Raw Pressery Alphonso Mango Juice;₹243;1 L;2% Off
Cold Drinks & Juices;Storia Tender Coconut Water Pet;₹116;1 L;34% Off
Cold Drinks & Juices;Monster Energy Drink Can;₹125;350 ml;N/A
Cold Drinks & Juices;So Good Plant Based Almond Beverage Unsweetened Tetrapack;₹276;1 L;8% Off
Cold Drinks & Juices;Red Bull Energy Drink;₹125;250 ml;N/A
Cold Drinks & Juices;Storia Tender Coconut Water Multipack;₹231;1.2 L;30% Off
Cold Drinks & Juices;Red Bull Energy Drink;₹165;350 ml;N/A
Cold Drinks & Juices;Real Fruit Power Cranberry Juice Tetrapack;₹128;1 L;8% Off
Cold Drinks & Juices;Red Bull Energy Drink | 6 Pack 1.5 l Combo;₹1248;1.5 l X 2;10% Off
Cold Drinks & Juices;Red Bull Energy Drink | 4 Pack 1 l Combo;₹876;1 l X 2;8% Off
Cold Drinks & Juices;Coolberg Cranberry Non Alcoholic Beer Combo;₹172;330 ml X 2;13% Off
Munchies;Open Secret Baked Bhujia Sev, Healthy Snack, Namkeen, Zero Palm Oil, Zero Trans Fat, No Cholesterol;₹190;175 g;4% Off
Munchies;Sweet Karam Coffee Madras Mixture;₹95;95 g;4% Off
Munchies;Sweet Karam Coffee Ribbon Pakoda;₹88;95 g;11% Off
Munchies;Farmley Black Pepper Roasted Cashews-Kaju Snacks;₹299;200 g;25% Off
Munchies;Let'S Try Special Makhana Mixture;₹65;90 g;35% Off
Munchies;Open Secret Cheese Puff Snacks - Not Fried;₹57;75 g;24% Off
Munchies;Farmley Classic Salted and Roasted Cashews | Kaju Snacks;₹319;200 g;20% Off
Munchies;Popular Essentials Phool Makhana (Jumbo Size);₹295;100 g;N/A
Munchies;Open Secret Cream & Onion Puff Snacks - Not Fried;₹57;75 g;24% Off
Munchies;Kari Kari Chilli Garlic;₹50;50 g;N/A
Munchies;Modern Kitchens Potato Chips Salted;₹32;70 g;20% Off
Munchies;Let's Try Pudina Rings;₹45;60 g;25% Off
Munchies;Let's Try Mast Masala Samosa Puffs;₹42;60 g;30% Off
Munchies;Garden - Yellow Banana Chips;₹95;150g;4% Off
Munchies;Farmley Peri Peri Makhana Roasted In Olive Oil;₹198;77 g;17% Off
Munchies;RiteBite Max Protein 10g Protein Bar Daily Assorted (Pack Of 6);₹452;300 g;5% Off
Munchies;Bingo! Chilli Sprinkled Potato Chips 85 g Combo;₹96;85 g X 3;36% Off
Munchies;Haldiram's Bhujia;₹175;600 g;N/A
Munchies;Farmley Himalayan Salted Makhana Roasted In Olive Oil;₹198;77 g;17% Off
Munchies;Pringles Potato Chips Sour Cream & Onion Flavour;₹158;141 g;16% Off
Munchies;Pringles Potato Chips Original Flavour;₹158;141 g;16% Off
Munchies;Farmley Minty Pudina Makhana Roasted In Olive Oil;₹202;77 g;15% Off
Munchies;Namaskaram Bombay Mix;₹150;400 g;21% Off
Munchies;Namaskaram Banana Chips Original Style Salted;₹79;150 g;34% Off
Munchies;Let's Try Garlic Bhujia;₹96;180 g;20% Off
Munchies;Pringles Potato Chips Sour Cream & Onion Flavour;₹112;107 g;6% Off
Munchies;RiteBite Max Protein 10g Protein Bar Choco Almond 50 g Combo;₹142;50 g X 2;11% Off
Munchies;Farmley Tangy Tomato Makhana Roasted In Olive Oil;₹199;77 g;16% Off
Munchies;Lets Try Lite Mixture;₹108;180 g;10% Off
Munchies;Lay's India's Magic Masala Potato Chips 143 g Combo;₹118;143 g X 2;24% Off
Munchies;Lay's India's Magic Masala Potato Chips 143 g Combo;₹162;143 g X 3;30% Off
Munchies;Beyond Snack Kerala Banana Chips Original Style;₹57;75 g;5% Off
Meats, Fish & Eggs;Nandus Chicken Curry Cut without Skin;₹169;500 g;N/A
Meats, Fish & Eggs;Nandus Chicken Breast Boneless;₹249;450 g;N/A
Meats, Fish & Eggs;Relish Chicken Curry Cut Without Skin;₹149;500 g;19% Off
Meats, Fish & Eggs;Relish Rohu Curry Cut With Head;₹219;500 g;N/A
Meats, Fish & Eggs;Relish Chicken Breast Boneless;₹249;500 g;7% Off
Meats, Fish & Eggs;Relish Continental Chicken Spread;₹179;200 g;14% Off
Meats, Fish & Eggs;Relish Mutton Mince;₹289;240 - 260 g;3% Off
Meats, Fish & Eggs;Relish Prawns Peeled & Deveined;₹359;280 - 300 g;10% Off
Meats, Fish & Eggs;Relish Chicken Drumstick;₹102;2 pcs;20% Off
Meats, Fish & Eggs;Relish Basa / Pangas Fillet;₹252;300 g;9% Off
Meats, Fish & Eggs;Relish Tandoori Chicken Tikka;₹124;200 g;26% Off
Meats, Fish & Eggs;Relish Chicken Curry Cut With Skin;₹145;500 g;17% Off
Meats, Fish & Eggs;Relish Roopchand / Rupchanda Steaks;₹212;540 g;24% Off
Meats, Fish & Eggs;Relish Catla Curry Cut With Head;₹219;480 - 500 g;4% Off
Meats, Fish & Eggs;Relish Chicken Drumstick;₹192;4 pcs;22% Off
Meats, Fish & Eggs;Relish Jhatka Chicken Curry Cut Without Skin;₹153;500 g;17% Off
Meats, Fish & Eggs;Relish Jhatka Chicken Breast Boneless;₹249;500 g;10% Off
Meats, Fish & Eggs;Relish Chicken Gizzard;₹89;230 - 250 g;40% Off
Meats, Fish & Eggs;Relish Sardine Whole And Cleaned;₹270;430 - 450 g;3% Off
Meats, Fish & Eggs;Nandus Chicken Leg boneless;₹239;450 g;N/A
Meats, Fish & Eggs;Relish Chicken Thigh Boneless;₹179;350 g;28% Off
Meats, Fish & Eggs;Nandus Chicken Drumstick;₹229;450 g;N/A
Meats, Fish & Eggs;Relish Chicken Liver;₹89;250 g;35% Off
Meats, Fish & Eggs;Nandus Chicken Curry Cut without Skin 500 g Combo;₹316;500 g X 2;6% Off
Meats, Fish & Eggs;Nandus Chicken Curry Cut without Skin 500 g Combo;₹465;500 g X 3;8% Off
Breakfast & Sauces;Kwality Golden Corn Flakes - Crispy And Delicious Breakfast Cereal Made With 100% Natural Corn;₹325;1 kg;37% Off
Breakfast & Sauces;The Khao Project Bhut Jolokia Chilli Oil - Mild;₹240;170 g;20% Off
Breakfast & Sauces;Sundrop Peanut Butter 100% Natural - Crunchy;₹299;924 g;8% Off
Breakfast & Sauces;Saffola Oats with Apple 'n' Almonds, Healthy & Tasty, Anytime Snack;₹179;400 g;28% Off
Breakfast & Sauces;Tata Soulfull Millet Granola, Honey, Fruits, Nuts & Seeds, Breakfast Cereal;₹275;400 g;26% Off
Breakfast & Sauces;Saffola Oats with Nutty Chocolate, Healthy & Tasty, Anytime Snack;₹184;400 g;26% Off
Breakfast & Sauces;Abbie's Apple Cider Vinegar;₹220;473 ml;2% Off
Breakfast & Sauces;MuscleBlaze Classic Peanut Butter with Omega 3 & 6 (Crunchy);₹415;1 kg;7% Off
Breakfast & Sauces;Saffola Masala Oats Cheesy Italian, Healthy & Tasty, Anytime Snack;₹173;400 g;23% Off
Breakfast & Sauces;Kellogg’s Muesli Fruit Nut & Seeds 12-in-1 Power Breakfast;₹458;750 g;11% Off
Breakfast & Sauces;Nutella Hazelnut Spread with Cocoa;₹380;350 g;4% Off
Breakfast & Sauces;Kellogg's Corn Flakes;₹427;1.2 Kg;19% Off
Breakfast & Sauces;WOW Life Science Organic Apple Cider Vinegar;₹495;750 ml;33% Off
Breakfast & Sauces;Yoga Bar Muesli Dark Chocolate & Cranberry,Breakfast Cereals, Protein Granola, Gluten Free;₹262;400 g;32% Off
Breakfast & Sauces;Conscious Food Wild Forest Honey Natural & Pure;₹423;500 g;11% Off
Breakfast & Sauces;Kellogg’s Muesli Nuts Delight 12-in-1 Power Breakfast;₹519;1 kg;37% Off
Breakfast & Sauces;Nutella Hazelnut Spread with Cocoa;₹230;180 g;3% Off
Breakfast & Sauces;Bagrry’s Rolled Oats Jar High Fibre Premium Rolled Oats Protein Rich Breakfast Cereal Wholegrain Breakfast;₹260;1 kg;46% Off
Breakfast & Sauces;MyFitness Chocolate Peanut Butter Crunchy;₹279;510 g;17% Off
Breakfast & Sauces;Dabur Honey Squeezy, 100% Pure World's No.1 Honey Brand – Buy 1 Get 1 Free;₹210;450 g;15% Off
Breakfast & Sauces;Kellogg's Almonds And Cranberries Granola;₹379;460 g;4% Off
Breakfast & Sauces;Yoga Bar Muesli 91% Fruits Nuts & Seeds, Protein Rich Wholegrain Breakfast Cereals, Granola;₹254;400 g;34% Off
Breakfast & Sauces;Pintola Crunchy High Protein Peanut Butter Dark Chocolate;₹705;1 kg;5% Off
Breakfast & Sauces;Saffola Honey Active, Made with Sundarban Forest Honey;₹371;1 kg;27% Off
Breakfast & Sauces;Bagrry's Crunchy Muesli 30% Fruit & Nut with Cranberries | 34% Rich Fibre Oats;₹389;750 g;27% Off
Breakfast & Sauces;MyFitness Chocolate Peanut Butter Crispy;₹279;510 g;17% Off
Breakfast & Sauces;Dabur Honey - 100% Pure, World's No.1 Honey Brand (No Sugar Adulteration);₹370;800 g;11% Off
Breakfast & Sauces;Quaker Oats;₹189;1 kg;10% Off
Breakfast & Sauces;Kellogg’s Muesli 0% Added Sugar | 12-in-1 Power Breakfast | India’s No. 1 Muesli;₹306;500 g;22% Off
Breakfast & Sauces;Britannia Pav Combo;₹66;200 g X 2;5% Off
Breakfast & Sauces;Dr. Oetker Fun Foods Pizza Topping All-In-One Preservative Free;₹96;315 g;3% Off
Breakfast & Sauces;Weikfield Soya Sauce Bottle;₹57;200 g;5% Off
Tea, Coffee & More;Ensure Balanced Nutrition Drink Powder For Adults - Vanilla Flavored;₹770;375g;3% Off
Tea, Coffee & More;Tata Premium Tea;₹620;1 kg;N/A
Tea, Coffee & More;Dabur Vedic Tea;₹244;500 g;24% Off
Tea, Coffee & More;Starbucks Frappuccino Caramel Coffee Drink;₹360;250 ml;20% Off
Tea, Coffee & More;Marvel Yellow Tea (Jar);₹414;1 kg;8% Off
Tea, Coffee & More;Organic India Tulsi Ginger Tea;₹226;1 pack (25 pcs);3% Off
Tea, Coffee & More;Ensure Balanced Nutrition Drink Powder For Adults - Vanilla Flavored;₹410;200 g;6% Off
Tea, Coffee & More;Lavazza Crema E Gusto Ground Coffee Powder;₹630;250 g;10% Off
Tea, Coffee & More;Good Trip Lemon Real Brewed Iced Tea;₹80;300 ml;N/A
Tea, Coffee & More;Cravova Mocha Cold Coffee;₹50;200 ml;N/A
Tea, Coffee & More;Sleepy Owl Classic Coffee;₹123;200 ml;1% Off
Tea, Coffee & More;Starbucks Frappuccino Coffee Drink;₹360;250 ml;20% Off
Tea, Coffee & More;Davidoff Expresso 57 Instant Coffee;₹637;100 g;14% Off
Tea, Coffee & More;Red Label Natural Care Tea | with 5 Ayurvedic Ingredients;₹490;1 kg;19% Off
Tea, Coffee & More;Horlicks Malt Based Food Drink Pouch;₹399;750 g;13% Off
Tea, Coffee & More;Davidoff Rich Aroma Coffee;₹637;100 g;14% Off
Tea, Coffee & More;Pediasure Scientifically Designed Nutrition Drink Vanilla Box;₹740;375 g;3% Off
Tea, Coffee & More;Boost Nutrition Drink;₹409;750 g;12% Off
Tea, Coffee & More;Tata Tea Gold;₹263;500 g;12% Off
Tea, Coffee & More;Pediasure Scientifically Designed Nutrition Drink Chocolate Box;₹740;375 g;3% Off
Tea, Coffee & More;Davidoff Fine Aroma Coffee;₹637;100 g;14% Off
Tea, Coffee & More;Red Label Tea;₹450;1 kg;16% Off
Tea, Coffee & More;PediaSure 7+ Nutrition Drink Chocolate Box;₹615;400 g;N/A
Tea, Coffee & More;Cothas Speciality Blend Coffee 85:15;₹440;500 g;N/A
Tea, Coffee & More;Red Label Natural Care Tea | with 5 Ayurvedic Ingredients;₹290;500 g;13% Off
Tea, Coffee & More;BRU Green Label Filter Coffee;₹380;500 g;5% Off
Tea, Coffee & More;Tata Tea Gold Care (Pouch);₹540;1 kg;16% Off
Tea, Coffee & More;Bru Instant Coffee;₹293;100 g;9% Off
Tea, Coffee & More;Wagh Bakri Premium Leaf Tea;₹620;1 kg;N/A
Tea, Coffee & More;Davidoff Crema Intense Coffee;₹637;90 g;14% Off
Tea, Coffee & More;NESCAFE Classic Instant Coffee Powder - 100% Pure Coffee;₹440;90 g;N/A
Tea, Coffee & More;Honest Tea Organic Green Tea - Lemon Tulsi Flavor;₹60;350 ml;N/A
Biscuits;Palekar Makkhan Rusk;₹45;200 g;25% Off
Biscuits;CookieMan with Love Assorted Cookies Gift Tin;₹204;300 g;48% Off
Biscuits;Cookieman Sugar Free Multigrain Cookies;₹340;200 g;7% Off
Biscuits;Open Secret Zero Maida Assorted Chocolate Cookies | Pack of 6 | Healthy Snacks, High Protein Snack;₹101;75 g;3% Off
Biscuits;Cadbury Oreo Vanilla Flavour Crème Sandwich Biscuit Mega Family Pack;₹40;125.25 g;N/A
Biscuits;Open Secret Zero Maida Chocolate Almond Cookies | Pack of 6 | Healthy Snacks | High Protein;₹101;75 g;3% Off
Biscuits;Cookieman Almond Biscotti;₹232;250 g;20% Off
Biscuits;Open Secret Zero Maida Jeera Millet Biscuit | Healthy Snacks with Zero Refined Sugar & No Palm Oil;₹44;40 g;2% Off
Biscuits;Royal Dansk Chocochip Cookies;₹459;340 g;23% Off
Biscuits;Parle Platina Milano Dark Choco Biscuits;₹99;250 g;41% Off
Biscuits;Karachi Bakery Fruit Biscuit;₹210;400 g;N/A
Biscuits;Lotte Choco Pie;₹150;336 g;11% Off
Biscuits;Dukes Waffy Chocolate Wafer Rolls;₹108;250 g;40% Off
Biscuits;Britannia Nutrichoice Digestive High-Fibre Biscuits;₹173;960 g;13% Off
Biscuits;Sunfeast Marie Light Active, Marie Biscuits with Iron and 6 Vitamins Family Pack;₹120;956 g;25% Off
Biscuits;Malkist Cheese Crunchy Layered Crackers 144 g Combo;₹108;144 g X 2;10% Off
Biscuits;Karachi Bakery Cashew Biscuits;₹235;400 g;N/A
Biscuits;Dukes Hazulnut Rolls Tin Gift Pack;₹219;300 g;27% Off
Biscuits;Sunfeast Dark Fantasy Yumfills Rich Chocolate Pie Cake;₹84;242 g;50% Off
Biscuits;Parle-G Gold Biscuit;₹137;1 kg;8% Off
Biscuits;Karachi Bakery Osmania Biscuits;₹190;400 g;N/A
Biscuits;Dukes Waffy Chocolate Wafer Rolls 250 g Combo;₹196;250 g X 2;45% Off
Biscuits;Parle Hide & Seek Creme Sandwiches;₹100;400 g;33% Off
Biscuits;Britannia Good Day Cashew Cookies Family Pack;₹210;1 kg;34% Off
Biscuits;Dukes Waffy Strawberry Roll;₹108;250 g;40% Off
Biscuits;Britannia Milk Bikis Biscuits;₹86;500 g;4% Off
Biscuits;Unibic Wafer Hazelnut Qubz;₹84;120 g;43% Off
Biscuits;Lotte Choco Pie;₹81;168 g;10% Off
Biscuits;Britannia Good Day Chocochip Cookies;₹150;400 g;N/A
Biscuits;Unibic Wafer Belgium Chocolate Qubz;₹84;120 g;43% Off
Biscuits;Sunfeast Dark Fantasy Choco Fills, Original Filled Cookies with Choco Crème | Perfect Snack;₹105;230 g;38% Off
Biscuits;Unibic Assorted Cookies – Pack of 10;₹279;750 g;17% Off
Cleaning Essentials;Ariel Liquid Detergent Front Load | Stain Removal in Washing Machine;₹612;4 L;31% Off
Cleaning Essentials;Ariel Liquid Detergent Front Load | Stain Removal in Washing Machine 2 l Combo;₹848;2 l X 2;13% Off
Cleaning Essentials;Surf Excel Matic Front Load Liquid Detergent;₹525;3.2 L;26% Off
Cleaning Essentials;Ariel Liquid Detergent Top Load | Stain Removal in Washing Machine;₹547;4 L;32% Off
Cleaning Essentials;Ariel Liquid Detergent Front Load | Stain Removal in Washing Machine;₹552;3 L;24% Off
Cleaning Essentials;Surf Excel Matic Top Load Liquid Detergent;₹497;4 L;37% Off
Cleaning Essentials;Ariel Liquid Detergent Top Load | Stain Removal in Washing Machine;₹474;3 l;26% Off
Cleaning Essentials;Henko Matic Front Load Liquid Detergent Refill Pouch;₹468;3.2 L;38% Off
Cleaning Essentials;Surf Excel Matic Front Load Liquid Detergent 2 L & Front Load Detergent Liquid 1 L Combo;₹580;2 Combo;21% Off
Cleaning Essentials;Tide Matic Liquid Detergent Top Load | Stain Removal in Washing Machine;₹344;3.2 L;23% Off
Cleaning Essentials;Surf Excel Matic Top Load Liquid Detergent;₹460;3.2 L;27% Off
Cleaning Essentials;Ariel Liquid Detergent Front Load | Stain Removal in Washing Machine 3 l Combo;₹1044;3 l X 2;28% Off
Cleaning Essentials;Ariel Liquid Detergent Top Load | Stain Removal in Washing Machine 3 l Combo;₹870;3 l X 2;32% Off
Cleaning Essentials;Surf Excel Matic Front Load Liquid Detergent(2l) & Comfort After Wash Morning Fresh Fabric Conditioner (2l) Combo;₹704;2 combo;23% Off
Cleaning Essentials;Ariel Liquid Detergent Front Load | Stain Removal in Washing Machine;₹453;2 L;7% Off
Cleaning Essentials;Surf Excel Matic Top Load Liquid Detergent(2l) & Comfort After Wash Morning Fresh Fabric Conditioner(2l) Combo;₹664;2 combo;22% Off
Cleaning Essentials;Godrej Genteel Matic Top Load Liquid Detergent Pouch 2 kg Combo;₹426;2 kg X 2;26% Off
Cleaning Essentials;Surf Excel 3in1 Smart Shots | Pack of 28 for Front Load & Top Load Washing Machines | (28U x21g);₹420;1 piece;20% Off
Cleaning Essentials;More Light Liquid Detergent Pouch;₹352;5 L;32% Off
Cleaning Essentials;Safewash Front Load Matic Premium Liquid Detergent With 2X Stain Removal;₹270;2 l;44% Off
Cleaning Essentials;Surf Excel Matic Front Load Liquid Detergent Refill Pack  Specially Designed To Remove Tough Dried Stains;₹340;2 l;29% Off
Cleaning Essentials;Comfort After Wash Morning Fresh Fabric Conditioner(860ml) & Surf Excel Matic Front Load Detergent Liquid(1l) Combo;₹470;2 Combo;4% Off
Cleaning Essentials;Ariel Liquid Detergent Top Load | Stain Removal in Washing Machine;₹429;2 L;N/A
Cleaning Essentials;Ariel Matic Liquid Detergent Front Load 1 L & Liquid Detergent Front Load Pouch 2 L Combo;₹699;2 combo;6% Off
Cleaning Essentials;Tide Matic Liquid Detergent Top Load | Stain Removal in Washing Machine;₹304;2 L;20% Off
Cleaning Essentials;Surf Excel Matic Top Load Liquid Detergent Refill Specially Designed To Remove Tough Dried Stains;₹300;2 l;28% Off
Cleaning Essentials;Henko Matic Top Load Liquid Detergent Refill Pouch;₹412;3.2 L;39% Off
Cleaning Essentials;Comfort After Wash Morning Fresh Fabric Conditioner(860ml) & Surf Excel Matic Front Load Liquid Detergent(2l) Combo;₹548;2 Combo;23% Off
Cleaning Essentials;Henko Matic Liquid Detergent Top Load;₹364;2 l;15% Off
Cleaning Essentials;Comfort After Wash Morning Fresh Fabric Conditioner(860ml) & Surf Excel Matic Liquid Detergent Top Load Pouch(2l) Combo;₹507;2 Combo;22% Off
Cleaning Essentials;Surf Excel Matic Liquid Detergent Top Load 1L + 2L Pouch Combo;₹512;2 Combo;20% Off
Cleaning Essentials;Godrej Ezee Woollen Liquid Detergent For Winterwear;₹567;3.2 kg;14% Off
Home Needs;Boldfit 6mm Yoga Mat | Durable EVA Material for Comfortable Workouts - Purple;₹499;1 piece;44% Off
Home Needs;Ezee Aluminium Foil 72 m;₹543;1 piece;9% Off
Home Needs;IGP Super Dad- Father's Day Gift Hamper;₹1110;1 piece;14% Off
Home Needs;Citizen 3 Fold 22 Inch Auto Pink Printed umbrella;₹323;1 pc;67% Off
Home Needs;Citizen 2 Fold 24.5 Inch Black silver Umbrella with Reflective Piping;₹326;1 pc;68% Off
Home Needs;Citizen 21 Inch Print Umbrella - 1;₹230;1 pc;71% Off
Home Needs;Citizen 21 inch Print Umbrella - 1;₹360;1 pc;54% Off
Home Needs;Gebi Sparkle Plus Extendable Handle/ Stick Rod with Microfiber Refill for Spin Mop;₹269;1 piece;46% Off
Home Needs;Party Propz Birthday Decoration Items Kit | 1 Pcs Banner-8 Pcs Confetti Balloons & 1 Pcs LED Light;₹307;1 piece;12% Off
Home Needs;Kotton Toilet Roll - 2 Ply -100% Virgin Pulp/Paper, Pack of 10 ,230 sheets;₹208;10 x 230 pcs;56% Off
Home Needs;JK A4 Copier Paper White sheet (75 gsm);₹349;500 sheets;9% Off
Home Needs;Elegant Weavers Yoga Mat 6mm - Comfortable for All Levels (Colour May Vary);₹399;1 piece;33% Off
Home Needs;Party Propz Golden Birthday Decoration Items - 47 Pcs | Banner-Metallic Balloons-Glue Dot and More;₹235;1 piece;21% Off
Home Needs;Earthmate Green Leaf Compostable Garbage Bags - Green Medium | 19 x 21 Inch 15 pc Combo;₹261;15 pc X 3;33% Off
Home Needs;Origami 2 Ply Kitchen Tissue Paper Roll - 60 Pulls Per Roll;₹271;4 pcs;27% Off
Home Needs;JK Easy Copier A4 70 gsm(500 sheets);₹348;1 Piece;1% Off
Home Needs;Party Propz Birthday Decoration Items Kit | 1 Pcs Banner-32 Pcs Balloons and 1 Pc Foil Curtain;₹173;1 piece;30% Off
Home Needs;Origami 3 Ply Toilet Tissue Paper Roll - 160 Pulls Per Roll;₹231;1 pack (6 pcs);20% Off
Home Needs;Gebi Sparkle Plus Antibacterial Toilet Round Brush With Container;₹169;1 piece;32% Off
Home Needs;Kotton Kitchen Towel 3 Ply - 100% Virgin Pulp/Paper, 80 pulls (Pack of 3);₹179;1 pc;33% Off
Home Needs;Premier 4 in 1 Face Tissue Box| 100 pulls | 2 ply;₹287;1 piece;18% Off
Home Needs;Gala Twin Bucket Spin Mop Floor Cleaning Mop With Separate Bucket For Clean And Dirty Water;₹1499;1 piece;28% Off
Home Needs;Festive/ Party Decoration Combo (2 Pcs Net Curtains, 1 Pc Led Lights, 2 Pcs Hanger, 1 Pc Ribbon);₹282;1 pack (6 pcs);5% Off
Home Needs;Earthmate Green Leaf Compostable Garbage Bags - Green Large | 25 x 30 Inch;₹164;10 pcs;8% Off
Home Needs;Kotton Toilet Roll - 2 Ply -100% Virgin Pulp/Paper , pack of 8 , 230 sheets;₹298;8 x 230 pcs;21% Off
Home Needs;Kotton Kitchen Towel 2 Ply - 100% Virgin Pulp/Paper, 60 pulls;₹159;4 x 60 pcs;46% Off
Home Needs;Origami 3 Ply Toilet Tissue Paper Roll - 340 Pulls Per Roll;₹348;4 Piece;7% Off
Home Needs;Ezee Biodegradeable Garbage Bags - Large | 24 x 32 Inch;₹152;15 piece;15% Off
Home Needs;Earthmate Green Leaf Compostable Garbage Bags - Blue Large | 25 x 30 Inch;₹165;10 pcs;8% Off
Home Needs;Mangaldeep Treya 3 In 1 Sambrani Cups;₹73;1 pack (9 pcs);2% Off
Home Needs;Scotch-Brite Lint Roller - With 30 Sheets;₹471;1 piece;21% Off
Electricals & Accessories;boAt 10000mAh Power Bank w/ 22.5W Fast Charging & Smart IC Protection - PB300 (Carbon Black);₹1198;1 piece;60% Off
Electricals & Accessories;Nu Republic Party Box 20 With 16Hrs Playtime, RGB Led Lights Bluetooth Wireless Soundbar (Black);₹1099;1 piece;78% Off
Electricals & Accessories;JBL Go 3 Bluetooth Speaker;₹3579;1 piece;20% Off
Electricals & Accessories;boAt Rockerz 280 ANC BT Neckband w/ 24H Playtime, 25dB ANC & Crystal Bionic Sound (Gunmetal Black);₹1449;1 piece;70% Off
Electricals & Accessories;"Fire-Boltt Asphalt Racing Edition Smartwatch with Bluetooth Calling | 1.91"" Crystal View Display | 123 Sports Modes - Gold White";₹2299;1 piece;88% Off
Electricals & Accessories;Portronics Power M 10000 mAh Power Bank - 18 W | Fast Charging;₹599;1 piece;70% Off
Electricals & Accessories;"boAt Wave Lynk Voice Premium Smartwatch with Bluetooth Calling | 1.69""  HD Display | 7 Days Battery - Active Black";₹1299;1 piece;83% Off
Electricals & Accessories;"boAt Wave Stride Voice Smartwatch with Bluetooth Calling | 1.83""  HD Display | IP68 Water Resistant - Active Black";₹1899;1 piece;76% Off
Electricals & Accessories;"Fire-Boltt Warrior Smartwatch with Bluetooth Calling | 1.96"" Display | Heart Rate Monitor - Orange";₹1199;1 piece;93% Off
Electricals & Accessories;Mortein Advanced Mosquito Racquet - Electric Bat | 30% Longer Battery;₹552;1 piece;8% Off
Electricals & Accessories;AGARO 1200 Watts Professional Volumizer Hair Dryer,One Step Styler, Hot Air Blow Brush for Women;₹1899;1 piece;52% Off
Electricals & Accessories;Skullcandy Jib Wired In-Earphone With Mic (Black) (S2Duyk-343);₹549;1 piece;72% Off
Electricals & Accessories;Pigeon Amaze Plus Electric Kettle 1.5 L;₹499;1 piece;59% Off
Electricals & Accessories;AGARO Regal 800 Watts Handheld Vacuum Cleaner, For Home Use, Dry Vacuuming, 6.5 kPa Suction power;₹1699;1 piece;43% Off
Electricals & Accessories;Mosquito Racquet (Assorted);₹269;1 piece;32% Off
Electricals & Accessories;Vega Trimmer For Men with 90 Mins Runtime Stainless Steel Blades, Black (Power Lite, VHTH-38);₹798;1 piece;15% Off
Electricals & Accessories;Philips OneBlade Hybrid Trim Edge Shave | Patented Blade | Designed for Skin Comfort;₹1499;1 piece;3% Off
Electricals & Accessories;Maharaja Whiteline Smart 1..2..3 Mixer Grinder With 2 Jars | 500 W Motor - Blue;₹1499;1 piece;54% Off
Electricals & Accessories;boAt Nirvana Ion TWS Earbuds w/ 120 HRS Playback & Crystal Bionic Sound (Charcoal Black);₹1599;1 piece;79% Off
Electricals & Accessories;Bombay Shaving Company Power Styler OG Beard Trimmer For Men | 2X Fast Charging | USB Type C;₹849;1 piece;29% Off
Electricals & Accessories;Nu Republic Epic X3 With 48Hrs Playtime True Wireless Earphones (Blue);₹699;1 piece;80% Off
Electricals & Accessories;Pigeon Amaze Kessel 1.2 Ltr Multipurpose Kettle;₹889;1 piece;47% Off
Electricals & Accessories;Lifelong Llnbb001 450W Blender - Compact Design | Stylish Appearance;₹1599;1 piece;60% Off
Electricals & Accessories;Portronics Harmonics Twins S5 Smart Tws Earbuds;₹728;1 piece;75% Off
Electricals & Accessories;AGARO 2000 Watts Professional Hair Dryer with AC Motor, Concentrator, Diffuser,Comb,Hot and Cold Air;₹1599;1 piece;38% Off
Electricals & Accessories;Lifelong 750 W 4 Slice Sandwich Maker (LLSM120G);₹699;1 piece;46% Off
Electricals & Accessories;Vega Power Series P-1 Beard Trimmer For Men With 160 Mins Runtime & 40 Length (Green);₹898;1 piece;18% Off
Electricals & Accessories;Portronics SoundDrum P 20W Bluetooth Speaker - Multi-Connectivity | 6-7 Hours Play Time;₹2098;1 piece;47% Off
Electricals & Accessories;Carvaan Saregama Mini Legends Hindi Music Player - with Bluetooth/FM/AM/AUX;₹2490;1 piece;16% Off
Electricals & Accessories;Vega Smartone Series S1 Vhth-30 Fully Waterproof Trimmer 120 Min Runtime 40 Length Settings (Black);₹1198;1 piece;33% Off
Electricals & Accessories;JBL Clip 4 Bluetooth Speaker;₹3299;1 piece;40% Off
Electricals & Accessories;Portronics SoundDrum 1 Bluetooth Speaker;₹1248;1 piece;50% Off
Homegrown Brands;Rage Coffee Irish Hazelnut Flavour Premium Arabica Instant Coffee;₹404;100 g;29% Off
Homegrown Brands;Sleepy Owl Original Instant Coffee 100% Arabica;₹584;100 g;1% Off
Homegrown Brands;Colombian Brew Cappuccino Coffee Premix 200 g Combo;₹448;200 g X 2;25% Off
Homegrown Brands;iD Instant Filter Coffee Liquid - Bold;₹135;150 ml;N/A
Homegrown Brands;VS Mani Filter Coffee Decoction;₹68;100 ml;20% Off
Homegrown Brands;Sleepy Owl Hazelnut Instant Coffee 100% Arabica;₹584;100 g;1% Off
Homegrown Brands;iD Filter Coffee - Strong;₹40;5 pcs;N/A
Homegrown Brands;Sleepy Owl Coffee Intense Java Xpresso;₹392;100 g;2% Off
Homegrown Brands;Country Bean Vanilla Bold Instant Coffee;₹299;50 g;8% Off
Homegrown Brands;Country Bean Hazelnut Bold Instant Coffee;₹295;50 g;9% Off
Homegrown Brands;Roshi Simply Slim green tea bags infused with Cinnamon & Lemongrass for Weight Loss;₹154;1 pack (25 pcs);30% Off
Homegrown Brands;Bevzilla 24 Sachets Pack (4 Flavors) X (6 Sachets Each) Assorted Instant Coffee;₹99;48 g;17% Off
Homegrown Brands;iD Instant Coffee Powder;₹129;50 g;4% Off
Homegrown Brands;Country Bean Original Bold Instant Coffee;₹295;50 g;9% Off
Homegrown Brands;Country Bean Caramel Bold Instant Coffee;₹295;50 g;9% Off
Homegrown Brands;Blue Tokai Classic Bold Cold Brew Cans;₹133;250 ml;30% Off
Homegrown Brands;Colombian Brew Cappuccino Coffee Premix;₹240;200 g;19% Off
Homegrown Brands;Blue Tokai Easy Pour (Light To Dark Roast);₹175;1 pack (5 pcs);30% Off
Homegrown Brands;Blue Tokai Easy Pour Vienna Dark Roast Coffee Brew Bags Pack of 5;₹175;55 g;30% Off
Homegrown Brands;iD Filter Coffee - Bold;₹85;5 pcs;N/A
Homegrown Brands;Sleepy Owl Cold Coffee Can - Hazelnut;₹123;200 ml;1% Off
Homegrown Brands;iD Filter Coffee - Strong;₹120;150 ml;N/A
Homegrown Brands;Roshi Green Tea Kahwa With Ginger And Lemon For Detoxification;₹161;1 pack (25 pcs);30% Off
Homegrown Brands;Sleepy Owl Premium Instant Coffee Sachets Travel Pack;₹97;10 pcs;3% Off
Homegrown Brands;Bevzilla 48 Assorted Premium Instant Coffee Powder Sachets;₹209;96 g;7% Off
Homegrown Brands;Colombian Brew Vanilla Instant Coffee Powder No Sugar Vegan;₹180;50 g;20% Off
Homegrown Brands;Sleepy Owl Cold Coffee Can - Classic;₹125;200 ml;N/A
Homegrown Brands;Sleepy Owl Cold Coffee Can - Salted Caramel;₹125;200 ml;N/A
Homegrown Brands;Good Trip Lemon Real Brewed Iced Tea;₹80;300 ml;N/A
Homegrown Brands;Cravova Mocha Cold Coffee;₹50;200 ml;N/A
Homegrown Brands;Sleepy Owl Hazelnut Instant Coffee 100% Arabica 100 g Combo;₹1108;100 g X 2;6% Off
Homegrown Brands;Sleepy Owl French Vanilla Instant Coffee 100% Arabica 100 g Combo;₹1108;100 g X 2;6% Off
Paan Corner;Classic Connect Cigarette;₹300;20 piece;N/A
Paan Corner;Classic Icon;₹95;10 piece;N/A
Paan Corner;Classic Ice Burst Cigarette;₹340;20 piece;N/A
Paan Corner;Marlboro Gold Advance;₹170;10 piece;N/A
Paan Corner;Gold Flake Twinpod;₹170;10 piece;N/A
Paan Corner;Gold Flake King's Blue Cigarette (Gold Flake Lights);₹170;10 piece;N/A
Paan Corner;Classic Balanced Taste Cigarette (Classic Mild);₹340;20 piece;N/A
Paan Corner;Marlboro Fuse Beyond Double Switch;₹340;20 piece;N/A
Paan Corner;Classic Refined Taste Cigarette (Ultra Mild);₹340;20 piece;N/A
Paan Corner;Classic Verve Cigarette;₹190;1 pack (16 pcs);N/A
Paan Corner;Marlboro Fuse Beyond Double Switch;₹170;10 piece;N/A
Paan Corner;Marlboro Advance Compact;₹95;10 piece;N/A
Paan Corner;Marlboro Gold Advance;₹340;20 piece;N/A
Paan Corner;Classic Ice Burst Cigarette;₹170;10 piece;N/A
Paan Corner;Stellar shift with Mint;₹200;20 piece;N/A
Paan Corner;Gold Flake Kings Red Cigarette (Gold Flake Kings);₹340;20 piece;N/A
Paan Corner;Marlboro Clove;₹170;10 piece;N/A
Paan Corner;Marlboro Fine Touch;₹120;10 piece;N/A
Paan Corner;Gold Flake Indie Mint cigarette;₹100;10 piece;N/A
Paan Corner;Gold Flake King's Blue (Lights);₹340;20 piece;N/A
Paan Corner;Players Minty Cool Fresh Taste;₹80;10 piece;N/A
Paan Corner;Stellar Shift Millennium;₹200;20 piece;N/A
Paan Corner;Marlboro Gold;₹170;10 piece;N/A
Paan Corner;Gold Flake Kings Red Cigarette (Gold Flake Kings);₹170;10 piece;N/A
Paan Corner;Classic Balanced Taste Cigarette (Classic Mild);₹170;10 piece;N/A
Paan Corner;Stellar Define Paan Mix;₹200;20 piece;N/A
Paan Corner;Classic Refined Taste Cigarette (Ultra Mild);₹170;10 piece;N/A
Paan Corner;Stellar Duos Double Shift;₹240;20 piece;N/A
Paan Corner;Gold Flake Filter Cigarette;₹100;10 piece;N/A
Paan Corner;Marlboro Gold Light;₹340;20 piece;N/A
Paan Corner;B&H Blue Gold Cigarette (Benson Lights);₹340;20 piece;N/A
Paan Corner;Marlboro Filter Black Kretek;₹165;12 Piece;N/A
